0:00:01,65
0:00:02,55.5
0:00:03,79
0:00:04,24
0:00:05,45.2
0:00:06,32.41
0:00:07,25.3
0:00:08,18.19
0:00:09,11.08
0:00:10,3.97
0:00:11,65
0:00:12,55.5
0:00:13,79
0:00:14,24
0:00:15,45.2
0:00:16,32.41
0:00:17,25.3
0:00:18,18.19
0:00:19,11.08
0:00:20,3.97
0:00:21,65
0:00:22,55.5
0:00:23,79
0:00:24,24
0:00:25,45.2
0:00:26,32.41
0:00:27,25.3
0:00:28,18.19
0:00:29,11.08
0:00:30,3.97
0:00:31,65
0:00:32,55.5
0:00:33,79
0:00:34,24
0:00:35,45.2
0:00:36,32.41
0:00:37,25.3
0:00:38,18.19
0:00:39,11.08
0:00:40,3.97
0:00:41,65
0:00:42,55.5
0:00:43,79
0:00:44,24
0:00:45,45.2
0:00:46,32.41
0:00:47,25.3
0:00:48,18.19
0:00:49,11.08
0:00:50,3.97
0:00:51,65
0:00:52,55.5
0:00:53,79
0:00:54,24
0:00:55,45.2
0:00:56,32.41
0:00:57,25.3
0:00:58,18.19
0:00:59,11.08
0:01:00,3.97
0:01:01,65
0:01:02,55.5
0:01:03,79
0:01:04,24
0:01:05,45.2
0:01:06,32.41
0:01:07,25.3
0:01:08,18.19
0:01:09,11.08
0:01:10,3.97
0:01:11,65
0:01:12,55.5
0:01:13,79
0:01:14,24
0:01:15,45.2
0:01:16,32.41
0:01:17,25.3
0:01:18,18.19
0:01:19,11.08
0:01:20,3.97
0:01:21,65
0:01:22,55.5
0:01:23,79
0:01:24,24
0:01:25,45.2
0:01:26,32.41
0:01:27,25.3
0:01:28,18.19
0:01:29,11.08
0:01:30,3.97
0:01:31,65
0:01:32,55.5
0:01:33,79
0:01:34,24
0:01:35,45.2
0:01:36,32.41
0:01:37,25.3
0:01:38,18.19
0:01:39,11.08
0:01:40,3.97
0:01:41,65
0:01:42,55.5
0:01:43,79
0:01:44,24
0:01:45,45.2
0:01:46,32.41
0:01:47,25.3
0:01:48,18.19
0:01:49,11.08
0:01:50,3.97
0:01:51,65
0:01:52,55.5
0:01:53,79
0:01:54,24
0:01:55,45.2
0:01:56,32.41
0:01:57,25.3
0:01:58,18.19
0:01:59,11.08
0:02:00,3.97
0:02:01,65
0:02:02,55.5
0:02:03,79
0:02:04,24
0:02:05,45.2
0:02:06,32.41
0:02:07,25.3
0:02:08,18.19
0:02:09,11.08
0:02:10,3.97
0:02:11,65
0:02:12,55.5
0:02:13,79
0:02:14,24
0:02:15,45.2
0:02:16,32.41
0:02:17,25.3
0:02:18,18.19
0:02:19,11.08
0:02:20,3.97
0:02:21,65
0:02:22,55.5
0:02:23,79
0:02:24,24
0:02:25,45.2
0:02:26,32.41
0:02:27,25.3
0:02:28,18.19
0:02:29,11.08
0:02:30,3.97
0:02:31,65
0:02:32,55.5
0:02:33,79
0:02:34,24
0:02:35,45.2
0:02:36,32.41
0:02:37,25.3
0:02:38,18.19
0:02:39,11.08
0:02:40,3.97
0:02:41,65
0:02:42,55.5
0:02:43,79
0:02:44,24
0:02:45,45.2
0:02:46,32.41
0:02:47,25.3
0:02:48,18.19
0:02:49,11.08
0:02:50,3.97
0:02:51,65
0:02:52,55.5
0:02:53,79
0:02:54,24
0:02:55,45.2
0:02:56,32.41
0:02:57,25.3
0:02:58,18.19
0:02:59,11.08
0:03:00,3.97
0:03:01,65
0:03:02,55.5
0:03:03,79
0:03:04,24
0:03:05,45.2
0:03:06,32.41
0:03:07,25.3
0:03:08,18.19
0:03:09,11.08
0:03:10,3.97
0:03:11,65
0:03:12,55.5
0:03:13,79
0:03:14,24
0:03:15,45.2
0:03:16,32.41
0:03:17,25.3
0:03:18,18.19
0:03:19,11.08
0:03:20,3.97
0:03:21,65
0:03:22,55.5
0:03:23,79
0:03:24,24
0:03:25,45.2
0:03:26,32.41
0:03:27,25.3
0:03:28,18.19
0:03:29,11.08
0:03:30,3.97
0:03:31,65
0:03:32,55.5
0:03:33,79
0:03:34,24
0:03:35,45.2
0:03:36,32.41
0:03:37,25.3
0:03:38,18.19
0:03:39,11.08
0:03:40,3.97
0:03:41,65
0:03:42,55.5
0:03:43,79
0:03:44,24
0:03:45,45.2
0:03:46,32.41
0:03:47,25.3
0:03:48,18.19
0:03:49,11.08
0:03:50,3.97
0:03:51,65
0:03:52,55.5
0:03:53,79
0:03:54,24
0:03:55,45.2
0:03:56,32.41
0:03:57,25.3
0:03:58,18.19
0:03:59,11.08
0:04:00,3.97
0:04:01,65
0:04:02,55.5
0:04:03,79
0:04:04,24
0:04:05,45.2
0:04:06,32.41
0:04:07,25.3
0:04:08,18.19
0:04:09,11.08
0:04:10,3.97
0:04:11,65
0:04:12,55.5
0:04:13,79
0:04:14,24
0:04:15,45.2
0:04:16,32.41
0:04:17,25.3
0:04:18,18.19
0:04:19,11.08
0:04:20,3.97
0:04:21,65
0:04:22,55.5
0:04:23,79
0:04:24,24
0:04:25,45.2
0:04:26,32.41
0:04:27,25.3
0:04:28,18.19
0:04:29,11.08
0:04:30,3.97
0:04:31,65
0:04:32,55.5
0:04:33,79
0:04:34,24
0:04:35,45.2
0:04:36,32.41
0:04:37,25.3
0:04:38,18.19
0:04:39,11.08
0:04:40,3.97
0:04:41,65
0:04:42,55.5
0:04:43,79
0:04:44,24
0:04:45,45.2
0:04:46,32.41
0:04:47,25.3
0:04:48,18.19
0:04:49,11.08
0:04:50,3.97
0:04:51,65
0:04:52,55.5
0:04:53,79
0:04:54,24
0:04:55,45.2
0:04:56,32.41
0:04:57,25.3
0:04:58,18.19
0:04:59,11.08
0:05:00,3.97
0:05:01,65
0:05:02,55.5
0:05:03,79
0:05:04,24
0:05:05,45.2
0:05:06,32.41
0:05:07,25.3
0:05:08,18.19
0:05:09,11.08
0:05:10,3.97
0:05:11,65
0:05:12,55.5
0:05:13,79
0:05:14,24
0:05:15,45.2
0:05:16,32.41
0:05:17,25.3
0:05:18,18.19
0:05:19,11.08
0:05:20,3.97
0:05:21,65
0:05:22,55.5
0:05:23,79
0:05:24,24
0:05:25,45.2
0:05:26,32.41
0:05:27,25.3
0:05:28,18.19
0:05:29,11.08
0:05:30,3.97
0:05:31,65
0:05:32,55.5
0:05:33,79
0:05:34,24
0:05:35,45.2
0:05:36,32.41
0:05:37,25.3
0:05:38,18.19
0:05:39,11.08
0:05:40,3.97
0:05:41,65
0:05:42,55.5
0:05:43,79
0:05:44,24
0:05:45,45.2
0:05:46,32.41
0:05:47,25.3
0:05:48,18.19
0:05:49,11.08
0:05:50,3.97
0:05:51,65
0:05:52,55.5
0:05:53,79
0:05:54,24
0:05:55,45.2
0:05:56,32.41
0:05:57,25.3
0:05:58,18.19
0:05:59,11.08
0:06:00,3.97
0:06:01,65
0:06:02,55.5
0:06:03,79
0:06:04,24
0:06:05,45.2
0:06:06,32.41
0:06:07,25.3
0:06:08,18.19
0:06:09,11.08
0:06:10,3.97
0:06:11,65
0:06:12,55.5
0:06:13,79
0:06:14,24
0:06:15,45.2
0:06:16,32.41
0:06:17,25.3
0:06:18,18.19
0:06:19,11.08
0:06:20,3.97
0:06:21,65
0:06:22,55.5
0:06:23,79
0:06:24,24
0:06:25,45.2
0:06:26,32.41
0:06:27,25.3
0:06:28,18.19
0:06:29,11.08
0:06:30,3.97
0:06:31,65
0:06:32,55.5
0:06:33,79
0:06:34,24
0:06:35,45.2
0:06:36,32.41
0:06:37,25.3
0:06:38,18.19
0:06:39,11.08
0:06:40,3.97
0:06:41,65
0:06:42,55.5
0:06:43,79
0:06:44,24
0:06:45,45.2
0:06:46,32.41
0:06:47,25.3
0:06:48,18.19
0:06:49,11.08
0:06:50,3.97
0:06:51,65
0:06:52,55.5
0:06:53,79
0:06:54,24
0:06:55,45.2
0:06:56,32.41
0:06:57,25.3
0:06:58,18.19
0:06:59,11.08
0:07:00,3.97
0:07:01,65
0:07:02,55.5
0:07:03,79
0:07:04,24
0:07:05,45.2
0:07:06,32.41
0:07:07,25.3
0:07:08,18.19
0:07:09,11.08
0:07:10,3.97
0:07:11,65
0:07:12,55.5
0:07:13,79
0:07:14,24
0:07:15,45.2
0:07:16,32.41
0:07:17,25.3
0:07:18,18.19
0:07:19,11.08
0:07:20,3.97
0:07:21,65
0:07:22,55.5
0:07:23,79
0:07:24,24
0:07:25,45.2
0:07:26,32.41
0:07:27,25.3
0:07:28,18.19
0:07:29,11.08
0:07:30,3.97
0:07:31,65
0:07:32,55.5
0:07:33,79
0:07:34,24
0:07:35,45.2
0:07:36,32.41
0:07:37,25.3
0:07:38,18.19
0:07:39,11.08
0:07:40,3.97
0:07:41,65
0:07:42,55.5
0:07:43,79
0:07:44,24
0:07:45,45.2
0:07:46,32.41
0:07:47,25.3
0:07:48,18.19
0:07:49,11.08
0:07:50,3.97
0:07:51,65
0:07:52,55.5
0:07:53,79
0:07:54,24
0:07:55,45.2
0:07:56,32.41
0:07:57,25.3
0:07:58,18.19
0:07:59,11.08
0:08:00,3.97
0:08:01,65
0:08:02,55.5
0:08:03,79
0:08:04,24
0:08:05,45.2
0:08:06,32.41
0:08:07,25.3
0:08:08,18.19
0:08:09,11.08
0:08:10,3.97
0:08:11,65
0:08:12,55.5
0:08:13,79
0:08:14,24
0:08:15,45.2
0:08:16,32.41
0:08:17,25.3
0:08:18,18.19
0:08:19,11.08
0:08:20,3.97
0:08:21,65
0:08:22,55.5
0:08:23,79
0:08:24,24
0:08:25,45.2
0:08:26,32.41
0:08:27,25.3
0:08:28,18.19
0:08:29,11.08
0:08:30,3.97
0:08:31,65
0:08:32,55.5
0:08:33,79
0:08:34,24
0:08:35,45.2
0:08:36,32.41
0:08:37,25.3
0:08:38,18.19
0:08:39,11.08
0:08:40,3.97
0:08:41,65
0:08:42,55.5
0:08:43,79
0:08:44,24
0:08:45,45.2
0:08:46,32.41
0:08:47,25.3
0:08:48,18.19
0:08:49,11.08
0:08:50,3.97
0:08:51,65
0:08:52,55.5
0:08:53,79
0:08:54,24
0:08:55,45.2
0:08:56,32.41
0:08:57,25.3
0:08:58,18.19
0:08:59,11.08
0:09:00,3.97
0:09:01,65
0:09:02,55.5
0:09:03,79
0:09:04,24
0:09:05,45.2
0:09:06,32.41
0:09:07,25.3
0:09:08,18.19
0:09:09,11.08
0:09:10,3.97
0:09:11,65
0:09:12,55.5
0:09:13,79
0:09:14,24
0:09:15,45.2
0:09:16,32.41
0:09:17,25.3
0:09:18,18.19
0:09:19,11.08
0:09:20,3.97
0:09:21,65
0:09:22,55.5
0:09:23,79
0:09:24,24
0:09:25,45.2
0:09:26,32.41
0:09:27,25.3
0:09:28,18.19
0:09:29,11.08
0:09:30,3.97
0:09:31,65
0:09:32,55.5
0:09:33,79
0:09:34,24
0:09:35,45.2
0:09:36,32.41
0:09:37,25.3
0:09:38,18.19
0:09:39,11.08
0:09:40,3.97
0:09:41,65
0:09:42,55.5
0:09:43,79
0:09:44,24
0:09:45,45.2
0:09:46,32.41
0:09:47,25.3
0:09:48,18.19
0:09:49,11.08
0:09:50,3.97
0:09:51,65
0:09:52,55.5
0:09:53,79
0:09:54,24
0:09:55,45.2
0:09:56,32.41
0:09:57,25.3
0:09:58,18.19
0:09:59,11.08
0:10:00,3.97
0:10:01,65
0:10:02,55.5
0:10:03,79
0:10:04,24
0:10:05,45.2
0:10:06,32.41
0:10:07,25.3
0:10:08,18.19
0:10:09,11.08
0:10:10,3.97
0:10:11,65
0:10:12,55.5
0:10:13,79
0:10:14,24
0:10:15,45.2
0:10:16,32.41
0:10:17,25.3
0:10:18,18.19
0:10:19,11.08
0:10:20,3.97
0:10:21,65
0:10:22,55.5
0:10:23,79
0:10:24,24
0:10:25,45.2
0:10:26,32.41
0:10:27,25.3
0:10:28,18.19
0:10:29,11.08
0:10:30,3.97
0:10:31,65
0:10:32,55.5
0:10:33,79
0:10:34,24
0:10:35,45.2
0:10:36,32.41
0:10:37,25.3
0:10:38,18.19
0:10:39,11.08
0:10:40,3.97
0:10:41,65
0:10:42,55.5
0:10:43,79
0:10:44,24
0:10:45,45.2
0:10:46,32.41
0:10:47,25.3
0:10:48,18.19
0:10:49,11.08
0:10:50,3.97
0:10:51,65
0:10:52,55.5
0:10:53,79
0:10:54,24
0:10:55,45.2
0:10:56,32.41
0:10:57,25.3
0:10:58,18.19
0:10:59,11.08
0:11:00,3.97
0:11:01,65
0:11:02,55.5
0:11:03,79
0:11:04,24
0:11:05,45.2
0:11:06,32.41
0:11:07,25.3
0:11:08,18.19
0:11:09,11.08
0:11:10,3.97
0:11:11,65
0:11:12,55.5
0:11:13,79
0:11:14,24
0:11:15,45.2
0:11:16,32.41
0:11:17,25.3
0:11:18,18.19
0:11:19,11.08
0:11:20,3.97
0:11:21,65
0:11:22,55.5
0:11:23,79
0:11:24,24
0:11:25,45.2
0:11:26,32.41
0:11:27,25.3
0:11:28,18.19
0:11:29,11.08
0:11:30,3.97
0:11:31,65
0:11:32,55.5
0:11:33,79
0:11:34,24
0:11:35,45.2
0:11:36,32.41
0:11:37,25.3
0:11:38,18.19
0:11:39,11.08
0:11:40,3.97
0:11:41,65
0:11:42,55.5
0:11:43,79
0:11:44,24
0:11:45,45.2
0:11:46,32.41
0:11:47,25.3
0:11:48,18.19
0:11:49,11.08
0:11:50,3.97
0:11:51,65
0:11:52,55.5
0:11:53,79
0:11:54,24
0:11:55,45.2
0:11:56,32.41
0:11:57,25.3
0:11:58,18.19
0:11:59,11.08
0:12:00,3.97
0:12:01,65
0:12:02,55.5
0:12:03,79
0:12:04,24
0:12:05,45.2
0:12:06,32.41
0:12:07,25.3
0:12:08,18.19
0:12:09,11.08
0:12:10,3.97
0:12:11,65
0:12:12,55.5
0:12:13,79
0:12:14,24
0:12:15,45.2
0:12:16,32.41
0:12:17,25.3
0:12:18,18.19
0:12:19,11.08
0:12:20,3.97
0:12:21,65
0:12:22,55.5
0:12:23,79
0:12:24,24
0:12:25,45.2
0:12:26,32.41
0:12:27,25.3
0:12:28,18.19
0:12:29,11.08
0:12:30,3.97
0:12:31,65
0:12:32,55.5
0:12:33,79
0:12:34,24
0:12:35,45.2
0:12:36,32.41
0:12:37,25.3
0:12:38,18.19
0:12:39,11.08
0:12:40,3.97
0:12:41,65
0:12:42,55.5
0:12:43,79
0:12:44,24
0:12:45,45.2
0:12:46,32.41
0:12:47,25.3
0:12:48,18.19
0:12:49,11.08
0:12:50,3.97
0:12:51,65
0:12:52,55.5
0:12:53,79
0:12:54,24
0:12:55,45.2
0:12:56,32.41
0:12:57,25.3
0:12:58,18.19
0:12:59,11.08
0:13:00,3.97
0:13:01,65
0:13:02,55.5
0:13:03,79
0:13:04,24
0:13:05,45.2
0:13:06,32.41
0:13:07,25.3
0:13:08,18.19
0:13:09,11.08
0:13:10,3.97
0:13:11,65
0:13:12,55.5
0:13:13,79
0:13:14,24
0:13:15,45.2
0:13:16,32.41
0:13:17,25.3
0:13:18,18.19
0:13:19,11.08
0:13:20,3.97
0:13:21,65
0:13:22,55.5
0:13:23,79
0:13:24,24
0:13:25,45.2
0:13:26,32.41
0:13:27,25.3
0:13:28,18.19
0:13:29,11.08
0:13:30,3.97
0:13:31,65
0:13:32,55.5
0:13:33,79
0:13:34,24
0:13:35,45.2
0:13:36,32.41
0:13:37,25.3
0:13:38,18.19
0:13:39,11.08
0:13:40,3.97
0:13:41,65
0:13:42,55.5
0:13:43,79
0:13:44,24
0:13:45,45.2
0:13:46,32.41
0:13:47,25.3
0:13:48,18.19
0:13:49,11.08
0:13:50,3.97
0:13:51,65
0:13:52,55.5
0:13:53,79
0:13:54,24
0:13:55,45.2
0:13:56,32.41
0:13:57,25.3
0:13:58,18.19
0:13:59,11.08
0:14:00,3.97
0:14:01,65
0:14:02,55.5
0:14:03,79
0:14:04,24
0:14:05,45.2
0:14:06,32.41
0:14:07,25.3
0:14:08,18.19
0:14:09,11.08
0:14:10,3.97
0:14:11,65
0:14:12,55.5
0:14:13,79
0:14:14,24
0:14:15,45.2
0:14:16,32.41
0:14:17,25.3
0:14:18,18.19
0:14:19,11.08
0:14:20,3.97
0:14:21,65
0:14:22,55.5
0:14:23,79
0:14:24,24
0:14:25,45.2
0:14:26,32.41
0:14:27,25.3
0:14:28,18.19
0:14:29,11.08
0:14:30,3.97
0:14:31,65
0:14:32,55.5
0:14:33,79
0:14:34,24
0:14:35,45.2
0:14:36,32.41
0:14:37,25.3
0:14:38,18.19
0:14:39,11.08
0:14:40,3.97
0:14:41,65
0:14:42,55.5
0:14:43,79
0:14:44,24
0:14:45,45.2
0:14:46,32.41
0:14:47,25.3
0:14:48,18.19
0:14:49,11.08
0:14:50,3.97
0:14:51,65
0:14:52,55.5
0:14:53,79
0:14:54,24
0:14:55,45.2
0:14:56,32.41
0:14:57,25.3
0:14:58,18.19
0:14:59,11.08
0:15:00,3.97
0:15:01,65
0:15:02,55.5
0:15:03,79
0:15:04,24
0:15:05,45.2
0:15:06,32.41
0:15:07,25.3
0:15:08,18.19
0:15:09,11.08
0:15:10,3.97
0:15:11,65
0:15:12,55.5
0:15:13,79
0:15:14,24
0:15:15,45.2
0:15:16,32.41
0:15:17,25.3
0:15:18,18.19
0:15:19,11.08
0:15:20,3.97
0:15:21,65
0:15:22,55.5
0:15:23,79
0:15:24,24
0:15:25,45.2
0:15:26,32.41
0:15:27,25.3
0:15:28,18.19
0:15:29,11.08
0:15:30,3.97
0:15:31,65
0:15:32,55.5
0:15:33,79
0:15:34,24
0:15:35,45.2
0:15:36,32.41
0:15:37,25.3
0:15:38,18.19
0:15:39,11.08
0:15:40,3.97
0:15:41,65
0:15:42,55.5
0:15:43,79
0:15:44,24
0:15:45,45.2
0:15:46,32.41
0:15:47,25.3
0:15:48,18.19
0:15:49,11.08
0:15:50,3.97
0:15:51,65
0:15:52,55.5
0:15:53,79
0:15:54,24
0:15:55,45.2
0:15:56,32.41
0:15:57,25.3
0:15:58,18.19
0:15:59,11.08
0:16:00,3.97
0:16:01,65
0:16:02,55.5
0:16:03,79
0:16:04,24
0:16:05,45.2
0:16:06,32.41
0:16:07,25.3
0:16:08,18.19
0:16:09,11.08
0:16:10,3.97
0:16:11,65
0:16:12,55.5
0:16:13,79
0:16:14,24
0:16:15,45.2
0:16:16,32.41
0:16:17,25.3
0:16:18,18.19
0:16:19,11.08
0:16:20,3.97
0:16:21,65
0:16:22,55.5
0:16:23,79
0:16:24,24
0:16:25,45.2
0:16:26,32.41
0:16:27,25.3
0:16:28,18.19
0:16:29,11.08
0:16:30,3.97
0:16:31,65
0:16:32,55.5
0:16:33,79
0:16:34,24
0:16:35,45.2
0:16:36,32.41
0:16:37,25.3
0:16:38,18.19
0:16:39,11.08
0:16:40,3.97
0:16:41,65
0:16:42,55.5
0:16:43,79
0:16:44,24
0:16:45,45.2
0:16:46,32.41
0:16:47,25.3
0:16:48,18.19
0:16:49,11.08
0:16:50,3.97
0:16:51,65
0:16:52,55.5
0:16:53,79
0:16:54,24
0:16:55,45.2
0:16:56,32.41
0:16:57,25.3
0:16:58,18.19
0:16:59,11.08
0:17:00,3.97
0:17:01,65
0:17:02,55.5
0:17:03,79
0:17:04,24
0:17:05,45.2
0:17:06,32.41
0:17:07,25.3
0:17:08,18.19
0:17:09,11.08
0:17:10,3.97
0:17:11,65
0:17:12,55.5
0:17:13,79
0:17:14,24
0:17:15,45.2
0:17:16,32.41
0:17:17,25.3
0:17:18,18.19
0:17:19,11.08
0:17:20,3.97
0:17:21,65
0:17:22,55.5
0:17:23,79
0:17:24,24
0:17:25,45.2
0:17:26,32.41
0:17:27,25.3
0:17:28,18.19
0:17:29,11.08
0:17:30,3.97
0:17:31,65
0:17:32,55.5
0:17:33,79
0:17:34,24
0:17:35,45.2
0:17:36,32.41
0:17:37,25.3
0:17:38,18.19
0:17:39,11.08
0:17:40,3.97
0:17:41,65
0:17:42,55.5
0:17:43,79
0:17:44,24
0:17:45,45.2
0:17:46,32.41
0:17:47,25.3
0:17:48,18.19
0:17:49,11.08
0:17:50,3.97
0:17:51,65
0:17:52,55.5
0:17:53,79
0:17:54,24
0:17:55,45.2
0:17:56,32.41
0:17:57,25.3
0:17:58,18.19
0:17:59,11.08
0:18:00,3.97
0:18:01,65
0:18:02,55.5
0:18:03,79
0:18:04,24
0:18:05,45.2
0:18:06,32.41
0:18:07,25.3
0:18:08,18.19
0:18:09,11.08
0:18:10,3.97
0:18:11,65
0:18:12,55.5
0:18:13,79
0:18:14,24
0:18:15,45.2
0:18:16,32.41
0:18:17,25.3
0:18:18,18.19
0:18:19,11.08
0:18:20,3.97
0:18:21,65
0:18:22,55.5
0:18:23,79
0:18:24,24
0:18:25,45.2
0:18:26,32.41
0:18:27,25.3
0:18:28,18.19
0:18:29,11.08
0:18:30,3.97
0:18:31,65
0:18:32,55.5
0:18:33,79
0:18:34,24
0:18:35,45.2
0:18:36,32.41
0:18:37,25.3
0:18:38,18.19
0:18:39,11.08
0:18:40,3.97
0:18:41,65
0:18:42,55.5
0:18:43,79
0:18:44,24
0:18:45,45.2
0:18:46,32.41
0:18:47,25.3
0:18:48,18.19
0:18:49,11.08
0:18:50,3.97
0:18:51,65
0:18:52,55.5
0:18:53,79
0:18:54,24
0:18:55,45.2
0:18:56,32.41
0:18:57,25.3
0:18:58,18.19
0:18:59,11.08
0:19:00,3.97
0:19:01,65
0:19:02,55.5
0:19:03,79
0:19:04,24
0:19:05,45.2
0:19:06,32.41
0:19:07,25.3
0:19:08,18.19
0:19:09,11.08
0:19:10,3.97
0:19:11,65
0:19:12,55.5
0:19:13,79
0:19:14,24
0:19:15,45.2
0:19:16,32.41
0:19:17,25.3
0:19:18,18.19
0:19:19,11.08
0:19:20,3.97
0:19:21,65
0:19:22,55.5
0:19:23,79
0:19:24,24
0:19:25,45.2
0:19:26,32.41
0:19:27,25.3
0:19:28,18.19
0:19:29,11.08
0:19:30,3.97
0:19:31,65
0:19:32,55.5
0:19:33,79
0:19:34,24
0:19:35,45.2
0:19:36,32.41
0:19:37,25.3
0:19:38,18.19
0:19:39,11.08
0:19:40,3.97
0:19:41,65
0:19:42,55.5
0:19:43,79
0:19:44,24
0:19:45,45.2
0:19:46,32.41
0:19:47,25.3
0:19:48,18.19
0:19:49,11.08
0:19:50,3.97
0:19:51,65
0:19:52,55.5
0:19:53,79
0:19:54,24
0:19:55,45.2
0:19:56,32.41
0:19:57,25.3
0:19:58,18.19
0:19:59,11.08
0:20:00,3.97
0:20:01,65
0:20:02,55.5
0:20:03,79
0:20:04,24
0:20:05,45.2
0:20:06,32.41
0:20:07,25.3
0:20:08,18.19
0:20:09,11.08
0:20:10,3.97
0:20:11,65
0:20:12,55.5
0:20:13,79
0:20:14,24
0:20:15,45.2
0:20:16,32.41
0:20:17,25.3
0:20:18,18.19
0:20:19,11.08
0:20:20,3.97
0:20:21,65
0:20:22,55.5
0:20:23,79
0:20:24,24
0:20:25,45.2
0:20:26,32.41
0:20:27,25.3
0:20:28,18.19
0:20:29,11.08
0:20:30,3.97
0:20:31,65
0:20:32,55.5
0:20:33,79
0:20:34,24
0:20:35,45.2
0:20:36,32.41
0:20:37,25.3
0:20:38,18.19
0:20:39,11.08
0:20:40,3.97
0:20:41,65
0:20:42,55.5
0:20:43,79
0:20:44,24
0:20:45,45.2
0:20:46,32.41
0:20:47,25.3
0:20:48,18.19
0:20:49,11.08
0:20:50,3.97
0:20:51,65
0:20:52,55.5
0:20:53,79
0:20:54,24
0:20:55,45.2
0:20:56,32.41
0:20:57,25.3
0:20:58,18.19
0:20:59,11.08
0:21:00,3.97
0:21:01,65
0:21:02,55.5
0:21:03,79
0:21:04,24
0:21:05,45.2
0:21:06,32.41
0:21:07,25.3
0:21:08,18.19
0:21:09,11.08
0:21:10,3.97
0:21:11,65
0:21:12,55.5
0:21:13,79
0:21:14,24
0:21:15,45.2
0:21:16,32.41
0:21:17,25.3
0:21:18,18.19
0:21:19,11.08
0:21:20,3.97
0:21:21,65
0:21:22,55.5
0:21:23,79
0:21:24,24
0:21:25,45.2
0:21:26,32.41
0:21:27,25.3
0:21:28,18.19
0:21:29,11.08
0:21:30,3.97
0:21:31,65
0:21:32,55.5
0:21:33,79
0:21:34,24
0:21:35,45.2
0:21:36,32.41
0:21:37,25.3
0:21:38,18.19
0:21:39,11.08
0:21:40,3.97
0:21:41,65
0:21:42,55.5
0:21:43,79
0:21:44,24
0:21:45,45.2
0:21:46,32.41
0:21:47,25.3
0:21:48,18.19
0:21:49,11.08
0:21:50,3.97
0:21:51,65
0:21:52,55.5
0:21:53,79
0:21:54,24
0:21:55,45.2
0:21:56,32.41
0:21:57,25.3
0:21:58,18.19
0:21:59,11.08
0:22:00,3.97
0:22:01,65
0:22:02,55.5
0:22:03,79
0:22:04,24
0:22:05,45.2
0:22:06,32.41
0:22:07,25.3
0:22:08,18.19
0:22:09,11.08
0:22:10,3.97
0:22:11,65
0:22:12,55.5
0:22:13,79
0:22:14,24
0:22:15,45.2
0:22:16,32.41
0:22:17,25.3
0:22:18,18.19
0:22:19,11.08
0:22:20,3.97
0:22:21,65
0:22:22,55.5
0:22:23,79
0:22:24,24
0:22:25,45.2
0:22:26,32.41
0:22:27,25.3
0:22:28,18.19
0:22:29,11.08
0:22:30,3.97
0:22:31,65
0:22:32,55.5
0:22:33,79
0:22:34,24
0:22:35,45.2
0:22:36,32.41
0:22:37,25.3
0:22:38,18.19
0:22:39,11.08
0:22:40,3.97
0:22:41,65
0:22:42,55.5
0:22:43,79
0:22:44,24
0:22:45,45.2
0:22:46,32.41
0:22:47,25.3
0:22:48,18.19
0:22:49,11.08
0:22:50,3.97
0:22:51,65
0:22:52,55.5
0:22:53,79
0:22:54,24
0:22:55,45.2
0:22:56,32.41
0:22:57,25.3
0:22:58,18.19
0:22:59,11.08
0:23:00,3.97
0:23:01,65
0:23:02,55.5
0:23:03,79
0:23:04,24
0:23:05,45.2
0:23:06,32.41
0:23:07,25.3
0:23:08,18.19
0:23:09,11.08
0:23:10,3.97
0:23:11,65
0:23:12,55.5
0:23:13,79
0:23:14,24
0:23:15,45.2
0:23:16,32.41
0:23:17,25.3
0:23:18,18.19
0:23:19,11.08
0:23:20,3.97
0:23:21,65
0:23:22,55.5
0:23:23,79
0:23:24,24
0:23:25,45.2
0:23:26,32.41
0:23:27,25.3
0:23:28,18.19
0:23:29,11.08
0:23:30,3.97
0:23:31,65
0:23:32,55.5
0:23:33,79
0:23:34,24
0:23:35,45.2
0:23:36,32.41
0:23:37,25.3
0:23:38,18.19
0:23:39,11.08
0:23:40,3.97
0:23:41,65
0:23:42,55.5
0:23:43,79
0:23:44,24
0:23:45,45.2
0:23:46,32.41
0:23:47,25.3
0:23:48,18.19
0:23:49,11.08
0:23:50,3.97
0:23:51,65
0:23:52,55.5
0:23:53,79
0:23:54,24
0:23:55,45.2
0:23:56,32.41
0:23:57,25.3
0:23:58,18.19
0:23:59,11.08
0:24:00,3.97
0:24:01,65
0:24:02,55.5
0:24:03,79
0:24:04,24
0:24:05,45.2
0:24:06,32.41
0:24:07,25.3
0:24:08,18.19
0:24:09,11.08
0:24:10,3.97
0:24:11,65
0:24:12,55.5
0:24:13,79
0:24:14,24
0:24:15,45.2
0:24:16,32.41
0:24:17,25.3
0:24:18,18.19
0:24:19,11.08
0:24:20,3.97
0:24:21,65
0:24:22,55.5
0:24:23,79
0:24:24,24
0:24:25,45.2
0:24:26,32.41
0:24:27,25.3
0:24:28,18.19
0:24:29,11.08
0:24:30,3.97
0:24:31,65
0:24:32,55.5
0:24:33,79
0:24:34,24
0:24:35,45.2
0:24:36,32.41
0:24:37,25.3
0:24:38,18.19
0:24:39,11.08
0:24:40,3.97
0:24:41,65
0:24:42,55.5
0:24:43,79
0:24:44,24
0:24:45,45.2
0:24:46,32.41
0:24:47,25.3
0:24:48,18.19
0:24:49,11.08
0:24:50,3.97
0:24:51,65
0:24:52,55.5
0:24:53,79
0:24:54,24
0:24:55,45.2
0:24:56,32.41
0:24:57,25.3
0:24:58,18.19
0:24:59,11.08
0:25:00,3.97
0:25:01,65
0:25:02,55.5
0:25:03,79
0:25:04,24
0:25:05,45.2
0:25:06,32.41
0:25:07,25.3
0:25:08,18.19
0:25:09,11.08
0:25:10,3.97
0:25:11,65
0:25:12,55.5
0:25:13,79
0:25:14,24
0:25:15,45.2
0:25:16,32.41
0:25:17,25.3
0:25:18,18.19
0:25:19,11.08
0:25:20,3.97
0:25:21,65
0:25:22,55.5
0:25:23,79
0:25:24,24
0:25:25,45.2
0:25:26,32.41
0:25:27,25.3
0:25:28,18.19
0:25:29,11.08
0:25:30,3.97
0:25:31,65
0:25:32,55.5
0:25:33,79
0:25:34,24
0:25:35,45.2
0:25:36,32.41
0:25:37,25.3
0:25:38,18.19
0:25:39,11.08
0:25:40,3.97
0:25:41,65
0:25:42,55.5
0:25:43,79
0:25:44,24
0:25:45,45.2
0:25:46,32.41
0:25:47,25.3
0:25:48,18.19
0:25:49,11.08
0:25:50,3.97
0:25:51,65
0:25:52,55.5
0:25:53,79
0:25:54,24
0:25:55,45.2
0:25:56,32.41
0:25:57,25.3
0:25:58,18.19
0:25:59,11.08
0:26:00,3.97
0:26:01,65
0:26:02,55.5
0:26:03,79
0:26:04,24
0:26:05,45.2
0:26:06,32.41
0:26:07,25.3
0:26:08,18.19
0:26:09,11.08
0:26:10,3.97
0:26:11,65
0:26:12,55.5
0:26:13,79
0:26:14,24
0:26:15,45.2
0:26:16,32.41
0:26:17,25.3
0:26:18,18.19
0:26:19,11.08
0:26:20,3.97
0:26:21,65
0:26:22,55.5
0:26:23,79
0:26:24,24
0:26:25,45.2
0:26:26,32.41
0:26:27,25.3
0:26:28,18.19
0:26:29,11.08
0:26:30,3.97
0:26:31,65
0:26:32,55.5
0:26:33,79
0:26:34,24
0:26:35,45.2
0:26:36,32.41
0:26:37,25.3
0:26:38,18.19
0:26:39,11.08
0:26:40,3.97
0:26:41,65
0:26:42,55.5
0:26:43,79
0:26:44,24
0:26:45,45.2
0:26:46,32.41
0:26:47,25.3
0:26:48,18.19
0:26:49,11.08
0:26:50,3.97
0:26:51,65
0:26:52,55.5
0:26:53,79
0:26:54,24
0:26:55,45.2
0:26:56,32.41
0:26:57,25.3
0:26:58,18.19
0:26:59,11.08
0:27:00,3.97
0:27:01,65
0:27:02,55.5
0:27:03,79
0:27:04,24
0:27:05,45.2
0:27:06,32.41
0:27:07,25.3
0:27:08,18.19
0:27:09,11.08
0:27:10,3.97
0:27:11,65
0:27:12,55.5
0:27:13,79
0:27:14,24
0:27:15,45.2
0:27:16,32.41
0:27:17,25.3
0:27:18,18.19
0:27:19,11.08
0:27:20,3.97
0:27:21,65
0:27:22,55.5
0:27:23,79
0:27:24,24
0:27:25,45.2
0:27:26,32.41
0:27:27,25.3
0:27:28,18.19
0:27:29,11.08
0:27:30,3.97
0:27:31,65
0:27:32,55.5
0:27:33,79
0:27:34,24
0:27:35,45.2
0:27:36,32.41
0:27:37,25.3
0:27:38,18.19
0:27:39,11.08
0:27:40,3.97
0:27:41,65
0:27:42,55.5
0:27:43,79
0:27:44,24
0:27:45,45.2
0:27:46,32.41
0:27:47,25.3
0:27:48,18.19
0:27:49,11.08
0:27:50,3.97
0:27:51,65
0:27:52,55.5
0:27:53,79
0:27:54,24
0:27:55,45.2
0:27:56,32.41
0:27:57,25.3
0:27:58,18.19
0:27:59,11.08
0:28:00,3.97
0:28:01,65
0:28:02,55.5
0:28:03,79
0:28:04,24
0:28:05,45.2
0:28:06,32.41
0:28:07,25.3
0:28:08,18.19
0:28:09,11.08
0:28:10,3.97
0:28:11,65
0:28:12,55.5
0:28:13,79
0:28:14,24
0:28:15,45.2
0:28:16,32.41
0:28:17,25.3
0:28:18,18.19
0:28:19,11.08
0:28:20,3.97
0:28:21,65
0:28:22,55.5
0:28:23,79
0:28:24,24
0:28:25,45.2
0:28:26,32.41
0:28:27,25.3
0:28:28,18.19
0:28:29,11.08
0:28:30,3.97
0:28:31,65
0:28:32,55.5
0:28:33,79
0:28:34,24
0:28:35,45.2
0:28:36,32.41
0:28:37,25.3
0:28:38,18.19
0:28:39,11.08
0:28:40,3.97
0:28:41,65
0:28:42,55.5
0:28:43,79
0:28:44,24
0:28:45,45.2
0:28:46,32.41
0:28:47,25.3
0:28:48,18.19
0:28:49,11.08
0:28:50,3.97
0:28:51,65
0:28:52,55.5
0:28:53,79
0:28:54,24
0:28:55,45.2
0:28:56,32.41
0:28:57,25.3
0:28:58,18.19
0:28:59,11.08
0:29:00,3.97
0:29:01,65
0:29:02,55.5
0:29:03,79
0:29:04,24
0:29:05,45.2
0:29:06,32.41
0:29:07,25.3
0:29:08,18.19
0:29:09,11.08
0:29:10,3.97
0:29:11,65
0:29:12,55.5
0:29:13,79
0:29:14,24
0:29:15,45.2
0:29:16,32.41
0:29:17,25.3
0:29:18,18.19
0:29:19,11.08
0:29:20,3.97
0:29:21,65
0:29:22,55.5
0:29:23,79
0:29:24,24
0:29:25,45.2
0:29:26,32.41
0:29:27,25.3
0:29:28,18.19
0:29:29,11.08
0:29:30,3.97
0:29:31,65
0:29:32,55.5
0:29:33,79
0:29:34,24
0:29:35,45.2
0:29:36,32.41
0:29:37,25.3
0:29:38,18.19
0:29:39,11.08
0:29:40,3.97
0:29:41,65
0:29:42,55.5
0:29:43,79
0:29:44,24
0:29:45,45.2
0:29:46,32.41
0:29:47,25.3
0:29:48,18.19
0:29:49,11.08
0:29:50,3.97
0:29:51,65
0:29:52,55.5
0:29:53,79
0:29:54,24
0:29:55,45.2
0:29:56,32.41
0:29:57,25.3
0:29:58,18.19
0:29:59,11.08
0:30:00,3.97
0:30:01,65
0:30:02,55.5
0:30:03,79
0:30:04,24
0:30:05,45.2
0:30:06,32.41
0:30:07,25.3
0:30:08,18.19
0:30:09,11.08
0:30:10,3.97
0:30:11,65
0:30:12,55.5
0:30:13,79
0:30:14,24
0:30:15,45.2
0:30:16,32.41
0:30:17,25.3
0:30:18,18.19
0:30:19,11.08
0:30:20,3.97
0:30:21,65
0:30:22,55.5
0:30:23,79
0:30:24,24
0:30:25,45.2
0:30:26,32.41
0:30:27,25.3
0:30:28,18.19
0:30:29,11.08
0:30:30,3.97
0:30:31,65
0:30:32,55.5
0:30:33,79
0:30:34,24
0:30:35,45.2
0:30:36,32.41
0:30:37,25.3
0:30:38,18.19
0:30:39,11.08
0:30:40,3.97
0:30:41,65
0:30:42,55.5
0:30:43,79
0:30:44,24
0:30:45,45.2
0:30:46,32.41
0:30:47,25.3
0:30:48,18.19
0:30:49,11.08
0:30:50,3.97
0:30:51,65
0:30:52,55.5
0:30:53,79
0:30:54,24
0:30:55,45.2
0:30:56,32.41
0:30:57,25.3
0:30:58,18.19
0:30:59,11.08
0:31:00,3.97
0:31:01,65
0:31:02,55.5
0:31:03,79
0:31:04,24
0:31:05,45.2
0:31:06,32.41
0:31:07,25.3
0:31:08,18.19
0:31:09,11.08
0:31:10,3.97
0:31:11,65
0:31:12,55.5
0:31:13,79
0:31:14,24
0:31:15,45.2
0:31:16,32.41
0:31:17,25.3
0:31:18,18.19
0:31:19,11.08
0:31:20,3.97
0:31:21,65
0:31:22,55.5
0:31:23,79
0:31:24,24
0:31:25,45.2
0:31:26,32.41
0:31:27,25.3
0:31:28,18.19
0:31:29,11.08
0:31:30,3.97
0:31:31,65
0:31:32,55.5
0:31:33,79
0:31:34,24
0:31:35,45.2
0:31:36,32.41
0:31:37,25.3
0:31:38,18.19
0:31:39,11.08
0:31:40,3.97
0:31:41,65
0:31:42,55.5
0:31:43,79
0:31:44,24
0:31:45,45.2
0:31:46,32.41
0:31:47,25.3
0:31:48,18.19
0:31:49,11.08
0:31:50,3.97
0:31:51,65
0:31:52,55.5
0:31:53,79
0:31:54,24
0:31:55,45.2
0:31:56,32.41
0:31:57,25.3
0:31:58,18.19
0:31:59,11.08
0:32:00,3.97
0:32:01,65
0:32:02,55.5
0:32:03,79
0:32:04,24
0:32:05,45.2
0:32:06,32.41
0:32:07,25.3
0:32:08,18.19
0:32:09,11.08
0:32:10,3.97
0:32:11,65
0:32:12,55.5
0:32:13,79
0:32:14,24
0:32:15,45.2
0:32:16,32.41
0:32:17,25.3
0:32:18,18.19
0:32:19,11.08
0:32:20,3.97
0:32:21,65
0:32:22,55.5
0:32:23,79
0:32:24,24
0:32:25,45.2
0:32:26,32.41
0:32:27,25.3
0:32:28,18.19
0:32:29,11.08
0:32:30,3.97
0:32:31,65
0:32:32,55.5
0:32:33,79
0:32:34,24
0:32:35,45.2
0:32:36,32.41
0:32:37,25.3
0:32:38,18.19
0:32:39,11.08
0:32:40,3.97
0:32:41,65
0:32:42,55.5
0:32:43,79
0:32:44,24
0:32:45,45.2
0:32:46,32.41
0:32:47,25.3
0:32:48,18.19
0:32:49,11.08
0:32:50,3.97
0:32:51,65
0:32:52,55.5
0:32:53,79
0:32:54,24
0:32:55,45.2
0:32:56,32.41
0:32:57,25.3
0:32:58,18.19
0:32:59,11.08
0:33:00,3.97
0:33:01,65
0:33:02,55.5
0:33:03,79
0:33:04,24
0:33:05,45.2
0:33:06,32.41
0:33:07,25.3
0:33:08,18.19
0:33:09,11.08
0:33:10,3.97
0:33:11,65
0:33:12,55.5
0:33:13,79
0:33:14,24
0:33:15,45.2
0:33:16,32.41
0:33:17,25.3
0:33:18,18.19
0:33:19,11.08
0:33:20,3.97
0:33:21,65
0:33:22,55.5
0:33:23,79
0:33:24,24
0:33:25,45.2
0:33:26,32.41
0:33:27,25.3
0:33:28,18.19
0:33:29,11.08
0:33:30,3.97
0:33:31,65
0:33:32,55.5
0:33:33,79
0:33:34,24
0:33:35,45.2
0:33:36,32.41
0:33:37,25.3
0:33:38,18.19
0:33:39,11.08
0:33:40,3.97
0:33:41,65
0:33:42,55.5
0:33:43,79
0:33:44,24
0:33:45,45.2
0:33:46,32.41
0:33:47,25.3
0:33:48,18.19
0:33:49,11.08
0:33:50,3.97
0:33:51,65
0:33:52,55.5
0:33:53,79
0:33:54,24
0:33:55,45.2
0:33:56,32.41
0:33:57,25.3
0:33:58,18.19
0:33:59,11.08
0:34:00,3.97
0:34:01,65
0:34:02,55.5
0:34:03,79
0:34:04,24
0:34:05,45.2
0:34:06,32.41
0:34:07,25.3
0:34:08,18.19
0:34:09,11.08
0:34:10,3.97
0:34:11,65
0:34:12,55.5
0:34:13,79
0:34:14,24
0:34:15,45.2
0:34:16,32.41
0:34:17,25.3
0:34:18,18.19
0:34:19,11.08
0:34:20,3.97
0:34:21,65
0:34:22,55.5
0:34:23,79
0:34:24,24
0:34:25,45.2
0:34:26,32.41
0:34:27,25.3
0:34:28,18.19
0:34:29,11.08
0:34:30,3.97
0:34:31,65
0:34:32,55.5
0:34:33,79
0:34:34,24
0:34:35,45.2
0:34:36,32.41
0:34:37,25.3
0:34:38,18.19
0:34:39,11.08
0:34:40,3.97
0:34:41,65
0:34:42,55.5
0:34:43,79
0:34:44,24
0:34:45,45.2
0:34:46,32.41
0:34:47,25.3
0:34:48,18.19
0:34:49,11.08
0:34:50,3.97
0:34:51,65
0:34:52,55.5
0:34:53,79
0:34:54,24
0:34:55,45.2
0:34:56,32.41
0:34:57,25.3
0:34:58,18.19
0:34:59,11.08
0:35:00,3.97
0:35:01,65
0:35:02,55.5
0:35:03,79
0:35:04,24
0:35:05,45.2
0:35:06,32.41
0:35:07,25.3
0:35:08,18.19
0:35:09,11.08
0:35:10,3.97
0:35:11,65
0:35:12,55.5
0:35:13,79
0:35:14,24
0:35:15,45.2
0:35:16,32.41
0:35:17,25.3
0:35:18,18.19
0:35:19,11.08
0:35:20,3.97
0:35:21,65
0:35:22,55.5
0:35:23,79
0:35:24,24
0:35:25,45.2
0:35:26,32.41
0:35:27,25.3
0:35:28,18.19
0:35:29,11.08
0:35:30,3.97
0:35:31,65
0:35:32,55.5
0:35:33,79
0:35:34,24
0:35:35,45.2
0:35:36,32.41
0:35:37,25.3
0:35:38,18.19
0:35:39,11.08
0:35:40,3.97
0:35:41,65
0:35:42,55.5
0:35:43,79
0:35:44,24
0:35:45,45.2
0:35:46,32.41
0:35:47,25.3
0:35:48,18.19
0:35:49,11.08
0:35:50,3.97
0:35:51,65
0:35:52,55.5
0:35:53,79
0:35:54,24
0:35:55,45.2
0:35:56,32.41
0:35:57,25.3
0:35:58,18.19
0:35:59,11.08
0:36:00,3.97
0:36:01,65
0:36:02,55.5
0:36:03,79
0:36:04,24
0:36:05,45.2
0:36:06,32.41
0:36:07,25.3
0:36:08,18.19
0:36:09,11.08
0:36:10,3.97
0:36:11,65
0:36:12,55.5
0:36:13,79
0:36:14,24
0:36:15,45.2
0:36:16,32.41
0:36:17,25.3
0:36:18,18.19
0:36:19,11.08
0:36:20,3.97
0:36:21,65
0:36:22,55.5
0:36:23,79
0:36:24,24
0:36:25,45.2
0:36:26,32.41
0:36:27,25.3
0:36:28,18.19
0:36:29,11.08
0:36:30,3.97
0:36:31,65
0:36:32,55.5
0:36:33,79
0:36:34,24
0:36:35,45.2
0:36:36,32.41
0:36:37,25.3
0:36:38,18.19
0:36:39,11.08
0:36:40,3.97
0:36:41,65
0:36:42,55.5
0:36:43,79
0:36:44,24
0:36:45,45.2
0:36:46,32.41
0:36:47,25.3
0:36:48,18.19
0:36:49,11.08
0:36:50,3.97
0:36:51,65
0:36:52,55.5
0:36:53,79
0:36:54,24
0:36:55,45.2
0:36:56,32.41
0:36:57,25.3
0:36:58,18.19
0:36:59,11.08
0:37:00,3.97
0:37:01,65
0:37:02,55.5
0:37:03,79
0:37:04,24
0:37:05,45.2
0:37:06,32.41
0:37:07,25.3
0:37:08,18.19
0:37:09,11.08
0:37:10,3.97
0:37:11,65
0:37:12,55.5
0:37:13,79
0:37:14,24
0:37:15,45.2
0:37:16,32.41
0:37:17,25.3
0:37:18,18.19
0:37:19,11.08
0:37:20,3.97
0:37:21,65
0:37:22,55.5
0:37:23,79
0:37:24,24
0:37:25,45.2
0:37:26,32.41
0:37:27,25.3
0:37:28,18.19
0:37:29,11.08
0:37:30,3.97
0:37:31,65
0:37:32,55.5
0:37:33,79
0:37:34,24
0:37:35,45.2
0:37:36,32.41
0:37:37,25.3
0:37:38,18.19
0:37:39,11.08
0:37:40,3.97
0:37:41,65
0:37:42,55.5
0:37:43,79
0:37:44,24
0:37:45,45.2
0:37:46,32.41
0:37:47,25.3
0:37:48,18.19
0:37:49,11.08
0:37:50,3.97
0:37:51,65
0:37:52,55.5
0:37:53,79
0:37:54,24
0:37:55,45.2
0:37:56,32.41
0:37:57,25.3
0:37:58,18.19
0:37:59,11.08
0:38:00,3.97
0:38:01,65
0:38:02,55.5
0:38:03,79
0:38:04,24
0:38:05,45.2
0:38:06,32.41
0:38:07,25.3
0:38:08,18.19
0:38:09,11.08
0:38:10,3.97
0:38:11,65
0:38:12,55.5
0:38:13,79
0:38:14,24
0:38:15,45.2
0:38:16,32.41
0:38:17,25.3
0:38:18,18.19
0:38:19,11.08
0:38:20,3.97
0:38:21,65
0:38:22,55.5
0:38:23,79
0:38:24,24
0:38:25,45.2
0:38:26,32.41
0:38:27,25.3
0:38:28,18.19
0:38:29,11.08
0:38:30,3.97
0:38:31,65
0:38:32,55.5
0:38:33,79
0:38:34,24
0:38:35,45.2
0:38:36,32.41
0:38:37,25.3
0:38:38,18.19
0:38:39,11.08
0:38:40,3.97
0:38:41,65
0:38:42,55.5
0:38:43,79
0:38:44,24
0:38:45,45.2
0:38:46,32.41
0:38:47,25.3
0:38:48,18.19
0:38:49,11.08
0:38:50,3.97
0:38:51,65
0:38:52,55.5
0:38:53,79
0:38:54,24
0:38:55,45.2
0:38:56,32.41
0:38:57,25.3
0:38:58,18.19
0:38:59,11.08
0:39:00,3.97
0:39:01,65
0:39:02,55.5
0:39:03,79
0:39:04,24
0:39:05,45.2
0:39:06,32.41
0:39:07,25.3
0:39:08,18.19
0:39:09,11.08
0:39:10,3.97
0:39:11,65
0:39:12,55.5
0:39:13,79
0:39:14,24
0:39:15,45.2
0:39:16,32.41
0:39:17,25.3
0:39:18,18.19
0:39:19,11.08
0:39:20,3.97
0:39:21,65
0:39:22,55.5
0:39:23,79
0:39:24,24
0:39:25,45.2
0:39:26,32.41
0:39:27,25.3
0:39:28,18.19
0:39:29,11.08
0:39:30,3.97
0:39:31,65
0:39:32,55.5
0:39:33,79
0:39:34,24
0:39:35,45.2
0:39:36,32.41
0:39:37,25.3
0:39:38,18.19
0:39:39,11.08
0:39:40,3.97
0:39:41,65
0:39:42,55.5
0:39:43,79
0:39:44,24
0:39:45,45.2
0:39:46,32.41
0:39:47,25.3
0:39:48,18.19
0:39:49,11.08
0:39:50,3.97
0:39:51,65
0:39:52,55.5
0:39:53,79
0:39:54,24
0:39:55,45.2
0:39:56,32.41
0:39:57,25.3
0:39:58,18.19
0:39:59,11.08
0:40:00,3.97
0:40:01,65
0:40:02,55.5
0:40:03,79
0:40:04,24
0:40:05,45.2
0:40:06,32.41
0:40:07,25.3
0:40:08,18.19
0:40:09,11.08
0:40:10,3.97
0:40:11,65
0:40:12,55.5
0:40:13,79
0:40:14,24
0:40:15,45.2
0:40:16,32.41
0:40:17,25.3
0:40:18,18.19
0:40:19,11.08
0:40:20,3.97
0:40:21,65
0:40:22,55.5
0:40:23,79
0:40:24,24
0:40:25,45.2
0:40:26,32.41
0:40:27,25.3
0:40:28,18.19
0:40:29,11.08
0:40:30,3.97
0:40:31,65
0:40:32,55.5
0:40:33,79
0:40:34,24
0:40:35,45.2
0:40:36,32.41
0:40:37,25.3
0:40:38,18.19
0:40:39,11.08
0:40:40,3.97
0:40:41,65
0:40:42,55.5
0:40:43,79
0:40:44,24
0:40:45,45.2
0:40:46,32.41
0:40:47,25.3
0:40:48,18.19
0:40:49,11.08
0:40:50,3.97
0:40:51,65
0:40:52,55.5
0:40:53,79
0:40:54,24
0:40:55,45.2
0:40:56,32.41
0:40:57,25.3
0:40:58,18.19
0:40:59,11.08
0:41:00,3.97
0:41:01,65
0:41:02,55.5
0:41:03,79
0:41:04,24
0:41:05,45.2
0:41:06,32.41
0:41:07,25.3
0:41:08,18.19
0:41:09,11.08
0:41:10,3.97
0:41:11,65
0:41:12,55.5
0:41:13,79
0:41:14,24
0:41:15,45.2
0:41:16,32.41
0:41:17,25.3
0:41:18,18.19
0:41:19,11.08
0:41:20,3.97
0:41:21,65
0:41:22,55.5
0:41:23,79
0:41:24,24
0:41:25,45.2
0:41:26,32.41
0:41:27,25.3
0:41:28,18.19
0:41:29,11.08
0:41:30,3.97
0:41:31,65
0:41:32,55.5
0:41:33,79
0:41:34,24
0:41:35,45.2
0:41:36,32.41
0:41:37,25.3
0:41:38,18.19
0:41:39,11.08
0:41:40,3.97
0:41:41,65
0:41:42,55.5
0:41:43,79
0:41:44,24
0:41:45,45.2
0:41:46,32.41
0:41:47,25.3
0:41:48,18.19
0:41:49,11.08
0:41:50,3.97
0:41:51,65
0:41:52,55.5
0:41:53,79
0:41:54,24
0:41:55,45.2
0:41:56,32.41
0:41:57,25.3
0:41:58,18.19
0:41:59,11.08
0:42:00,3.97
0:42:01,65
0:42:02,55.5
0:42:03,79
0:42:04,24
0:42:05,45.2
0:42:06,32.41
0:42:07,25.3
0:42:08,18.19
0:42:09,11.08
0:42:10,3.97
0:42:11,65
0:42:12,55.5
0:42:13,79
0:42:14,24
0:42:15,45.2
0:42:16,32.41
0:42:17,25.3
0:42:18,18.19
0:42:19,11.08
0:42:20,3.97
0:42:21,65
0:42:22,55.5
0:42:23,79
0:42:24,24
0:42:25,45.2
0:42:26,32.41
0:42:27,25.3
0:42:28,18.19
0:42:29,11.08
0:42:30,3.97
0:42:31,65
0:42:32,55.5
0:42:33,79
0:42:34,24
0:42:35,45.2
0:42:36,32.41
0:42:37,25.3
0:42:38,18.19
0:42:39,11.08
0:42:40,3.97
0:42:41,65
0:42:42,55.5
0:42:43,79
0:42:44,24
0:42:45,45.2
0:42:46,32.41
0:42:47,25.3
0:42:48,18.19
0:42:49,11.08
0:42:50,3.97
0:42:51,65
0:42:52,55.5
0:42:53,79
0:42:54,24
0:42:55,45.2
0:42:56,32.41
0:42:57,25.3
0:42:58,18.19
0:42:59,11.08
0:43:00,3.97
0:43:01,65
0:43:02,55.5
0:43:03,79
0:43:04,24
0:43:05,45.2
0:43:06,32.41
0:43:07,25.3
0:43:08,18.19
0:43:09,11.08
0:43:10,3.97
0:43:11,65
0:43:12,55.5
0:43:13,79
0:43:14,24
0:43:15,45.2
0:43:16,32.41
0:43:17,25.3
0:43:18,18.19
0:43:19,11.08
0:43:20,3.97
0:43:21,65
0:43:22,55.5
0:43:23,79
0:43:24,24
0:43:25,45.2
0:43:26,32.41
0:43:27,25.3
0:43:28,18.19
0:43:29,11.08
0:43:30,3.97
0:43:31,65
0:43:32,55.5
0:43:33,79
0:43:34,24
0:43:35,45.2
0:43:36,32.41
0:43:37,25.3
0:43:38,18.19
0:43:39,11.08
0:43:40,3.97
0:43:41,65
0:43:42,55.5
0:43:43,79
0:43:44,24
0:43:45,45.2
0:43:46,32.41
0:43:47,25.3
0:43:48,18.19
0:43:49,11.08
0:43:50,3.97
0:43:51,65
0:43:52,55.5
0:43:53,79
0:43:54,24
0:43:55,45.2
0:43:56,32.41
0:43:57,25.3
0:43:58,18.19
0:43:59,11.08
0:44:00,3.97
0:44:01,65
0:44:02,55.5
0:44:03,79
0:44:04,24
0:44:05,45.2
0:44:06,32.41
0:44:07,25.3
0:44:08,18.19
0:44:09,11.08
0:44:10,3.97
0:44:11,65
0:44:12,55.5
0:44:13,79
0:44:14,24
0:44:15,45.2
0:44:16,32.41
0:44:17,25.3
0:44:18,18.19
0:44:19,11.08
0:44:20,3.97
0:44:21,65
0:44:22,55.5
0:44:23,79
0:44:24,24
0:44:25,45.2
0:44:26,32.41
0:44:27,25.3
0:44:28,18.19
0:44:29,11.08
0:44:30,3.97
0:44:31,65
0:44:32,55.5
0:44:33,79
0:44:34,24
0:44:35,45.2
0:44:36,32.41
0:44:37,25.3
0:44:38,18.19
0:44:39,11.08
0:44:40,3.97
0:44:41,65
0:44:42,55.5
0:44:43,79
0:44:44,24
0:44:45,45.2
0:44:46,32.41
0:44:47,25.3
0:44:48,18.19
0:44:49,11.08
0:44:50,3.97
0:44:51,65
0:44:52,55.5
0:44:53,79
0:44:54,24
0:44:55,45.2
0:44:56,32.41
0:44:57,25.3
0:44:58,18.19
0:44:59,11.08
0:45:00,3.97
0:45:01,65
0:45:02,55.5
0:45:03,79
0:45:04,24
0:45:05,45.2
0:45:06,32.41
0:45:07,25.3
0:45:08,18.19
0:45:09,11.08
0:45:10,3.97
0:45:11,65
0:45:12,55.5
0:45:13,79
0:45:14,24
0:45:15,45.2
0:45:16,32.41
0:45:17,25.3
0:45:18,18.19
0:45:19,11.08
0:45:20,3.97
0:45:21,65
0:45:22,55.5
0:45:23,79
0:45:24,24
0:45:25,45.2
0:45:26,32.41
0:45:27,25.3
0:45:28,18.19
0:45:29,11.08
0:45:30,3.97
0:45:31,65
0:45:32,55.5
0:45:33,79
0:45:34,24
0:45:35,45.2
0:45:36,32.41
0:45:37,25.3
0:45:38,18.19
0:45:39,11.08
0:45:40,3.97
0:45:41,65
0:45:42,55.5
0:45:43,79
0:45:44,24
0:45:45,45.2
0:45:46,32.41
0:45:47,25.3
0:45:48,18.19
0:45:49,11.08
0:45:50,3.97
0:45:51,65
0:45:52,55.5
0:45:53,79
0:45:54,24
0:45:55,45.2
0:45:56,32.41
0:45:57,25.3
0:45:58,18.19
0:45:59,11.08
0:46:00,3.97
0:46:01,65
0:46:02,55.5
0:46:03,79
0:46:04,24
0:46:05,45.2
0:46:06,32.41
0:46:07,25.3
0:46:08,18.19
0:46:09,11.08
0:46:10,3.97
0:46:11,65
0:46:12,55.5
0:46:13,79
0:46:14,24
0:46:15,45.2
0:46:16,32.41
0:46:17,25.3
0:46:18,18.19
0:46:19,11.08
0:46:20,3.97
0:46:21,65
0:46:22,55.5
0:46:23,79
0:46:24,24
0:46:25,45.2
0:46:26,32.41
0:46:27,25.3
0:46:28,18.19
0:46:29,11.08
0:46:30,3.97
0:46:31,65
0:46:32,55.5
0:46:33,79
0:46:34,24
0:46:35,45.2
0:46:36,32.41
0:46:37,25.3
0:46:38,18.19
0:46:39,11.08
0:46:40,3.97
0:46:41,65
0:46:42,55.5
0:46:43,79
0:46:44,24
0:46:45,45.2
0:46:46,32.41
0:46:47,25.3
0:46:48,18.19
0:46:49,11.08
0:46:50,3.97
0:46:51,65
0:46:52,55.5
0:46:53,79
0:46:54,24
0:46:55,45.2
0:46:56,32.41
0:46:57,25.3
0:46:58,18.19
0:46:59,11.08
0:47:00,3.97
0:47:01,65
0:47:02,55.5
0:47:03,79
0:47:04,24
0:47:05,45.2
0:47:06,32.41
0:47:07,25.3
0:47:08,18.19
0:47:09,11.08
0:47:10,3.97
0:47:11,65
0:47:12,55.5
0:47:13,79
0:47:14,24
0:47:15,45.2
0:47:16,32.41
0:47:17,25.3
0:47:18,18.19
0:47:19,11.08
0:47:20,3.97
0:47:21,65
0:47:22,55.5
0:47:23,79
0:47:24,24
0:47:25,45.2
0:47:26,32.41
0:47:27,25.3
0:47:28,18.19
0:47:29,11.08
0:47:30,3.97
0:47:31,65
0:47:32,55.5
0:47:33,79
0:47:34,24
0:47:35,45.2
0:47:36,32.41
0:47:37,25.3
0:47:38,18.19
0:47:39,11.08
0:47:40,3.97
0:47:41,65
0:47:42,55.5
0:47:43,79
0:47:44,24
0:47:45,45.2
0:47:46,32.41
0:47:47,25.3
0:47:48,18.19
0:47:49,11.08
0:47:50,3.97
0:47:51,65
0:47:52,55.5
0:47:53,79
0:47:54,24
0:47:55,45.2
0:47:56,32.41
0:47:57,25.3
0:47:58,18.19
0:47:59,11.08
0:48:00,3.97
0:48:01,65
0:48:02,55.5
0:48:03,79
0:48:04,24
0:48:05,45.2
0:48:06,32.41
0:48:07,25.3
0:48:08,18.19
0:48:09,11.08
0:48:10,3.97
0:48:11,65
0:48:12,55.5
0:48:13,79
0:48:14,24
0:48:15,45.2
0:48:16,32.41
0:48:17,25.3
0:48:18,18.19
0:48:19,11.08
0:48:20,3.97
0:48:21,65
0:48:22,55.5
0:48:23,79
0:48:24,24
0:48:25,45.2
0:48:26,32.41
0:48:27,25.3
0:48:28,18.19
0:48:29,11.08
0:48:30,3.97
0:48:31,65
0:48:32,55.5
0:48:33,79
0:48:34,24
0:48:35,45.2
0:48:36,32.41
0:48:37,25.3
0:48:38,18.19
0:48:39,11.08
0:48:40,3.97
0:48:41,65
0:48:42,55.5
0:48:43,79
0:48:44,24
0:48:45,45.2
0:48:46,32.41
0:48:47,25.3
0:48:48,18.19
0:48:49,11.08
0:48:50,3.97
0:48:51,65
0:48:52,55.5
0:48:53,79
0:48:54,24
0:48:55,45.2
0:48:56,32.41
0:48:57,25.3
0:48:58,18.19
0:48:59,11.08
0:49:00,3.97
0:49:01,65
0:49:02,55.5
0:49:03,79
0:49:04,24
0:49:05,45.2
0:49:06,32.41
0:49:07,25.3
0:49:08,18.19
0:49:09,11.08
0:49:10,3.97
0:49:11,65
0:49:12,55.5
0:49:13,79
0:49:14,24
0:49:15,45.2
0:49:16,32.41
0:49:17,25.3
0:49:18,18.19
0:49:19,11.08
0:49:20,3.97
0:49:21,65
0:49:22,55.5
0:49:23,79
0:49:24,24
0:49:25,45.2
0:49:26,32.41
0:49:27,25.3
0:49:28,18.19
0:49:29,11.08
0:49:30,3.97
0:49:31,65
0:49:32,55.5
0:49:33,79
0:49:34,24
0:49:35,45.2
0:49:36,32.41
0:49:37,25.3
0:49:38,18.19
0:49:39,11.08
0:49:40,3.97
0:49:41,65
0:49:42,55.5
0:49:43,79
0:49:44,24
0:49:45,45.2
0:49:46,32.41
0:49:47,25.3
0:49:48,18.19
0:49:49,11.08
0:49:50,3.97
0:49:51,65
0:49:52,55.5
0:49:53,79
0:49:54,24
0:49:55,45.2
0:49:56,32.41
0:49:57,25.3
0:49:58,18.19
0:49:59,11.08
0:50:00,3.97
0:50:01,65
0:50:02,55.5
0:50:03,79
0:50:04,24
0:50:05,45.2
0:50:06,32.41
0:50:07,25.3
0:50:08,18.19
0:50:09,11.08
0:50:10,3.97
0:50:11,65
0:50:12,55.5
0:50:13,79
0:50:14,24
0:50:15,45.2
0:50:16,32.41
0:50:17,25.3
0:50:18,18.19
0:50:19,11.08
0:50:20,3.97
0:50:21,65
0:50:22,55.5
0:50:23,79
0:50:24,24
0:50:25,45.2
0:50:26,32.41
0:50:27,25.3
0:50:28,18.19
0:50:29,11.08
0:50:30,3.97
0:50:31,65
0:50:32,55.5
0:50:33,79
0:50:34,24
0:50:35,45.2
0:50:36,32.41
0:50:37,25.3
0:50:38,18.19
0:50:39,11.08
0:50:40,3.97
0:50:41,65
0:50:42,55.5
0:50:43,79
0:50:44,24
0:50:45,45.2
0:50:46,32.41
0:50:47,25.3
0:50:48,18.19
0:50:49,11.08
0:50:50,3.97
0:50:51,65
0:50:52,55.5
0:50:53,79
0:50:54,24
0:50:55,45.2
0:50:56,32.41
0:50:57,25.3
0:50:58,18.19
0:50:59,11.08
0:51:00,3.97
0:51:01,65
0:51:02,55.5
0:51:03,79
0:51:04,24
0:51:05,45.2
0:51:06,32.41
0:51:07,25.3
0:51:08,18.19
0:51:09,11.08
0:51:10,3.97
0:51:11,65
0:51:12,55.5
0:51:13,79
0:51:14,24
0:51:15,45.2
0:51:16,32.41
0:51:17,25.3
0:51:18,18.19
0:51:19,11.08
0:51:20,3.97
0:51:21,65
0:51:22,55.5
0:51:23,79
0:51:24,24
0:51:25,45.2
0:51:26,32.41
0:51:27,25.3
0:51:28,18.19
0:51:29,11.08
0:51:30,3.97
0:51:31,65
0:51:32,55.5
0:51:33,79
0:51:34,24
0:51:35,45.2
0:51:36,32.41
0:51:37,25.3
0:51:38,18.19
0:51:39,11.08
0:51:40,3.97
0:51:41,65
0:51:42,55.5
0:51:43,79
0:51:44,24
0:51:45,45.2
0:51:46,32.41
0:51:47,25.3
0:51:48,18.19
0:51:49,11.08
0:51:50,3.97
0:51:51,65
0:51:52,55.5
0:51:53,79
0:51:54,24
0:51:55,45.2
0:51:56,32.41
0:51:57,25.3
0:51:58,18.19
0:51:59,11.08
0:52:00,3.97
0:52:01,65
0:52:02,55.5
0:52:03,79
0:52:04,24
0:52:05,45.2
0:52:06,32.41
0:52:07,25.3
0:52:08,18.19
0:52:09,11.08
0:52:10,3.97
0:52:11,65
0:52:12,55.5
0:52:13,79
0:52:14,24
0:52:15,45.2
0:52:16,32.41
0:52:17,25.3
0:52:18,18.19
0:52:19,11.08
0:52:20,3.97
0:52:21,65
0:52:22,55.5
0:52:23,79
0:52:24,24
0:52:25,45.2
0:52:26,32.41
0:52:27,25.3
0:52:28,18.19
0:52:29,11.08
0:52:30,3.97
0:52:31,65
0:52:32,55.5
0:52:33,79
0:52:34,24
0:52:35,45.2
0:52:36,32.41
0:52:37,25.3
0:52:38,18.19
0:52:39,11.08
0:52:40,3.97
0:52:41,65
0:52:42,55.5
0:52:43,79
0:52:44,24
0:52:45,45.2
0:52:46,32.41
0:52:47,25.3
0:52:48,18.19
0:52:49,11.08
0:52:50,3.97
0:52:51,65
0:52:52,55.5
0:52:53,79
0:52:54,24
0:52:55,45.2
0:52:56,32.41
0:52:57,25.3
0:52:58,18.19
0:52:59,11.08
0:53:00,3.97
0:53:01,65
0:53:02,55.5
0:53:03,79
0:53:04,24
0:53:05,45.2
0:53:06,32.41
0:53:07,25.3
0:53:08,18.19
0:53:09,11.08
0:53:10,3.97
0:53:11,65
0:53:12,55.5
0:53:13,79
0:53:14,24
0:53:15,45.2
0:53:16,32.41
0:53:17,25.3
0:53:18,18.19
0:53:19,11.08
0:53:20,3.97
0:53:21,65
0:53:22,55.5
0:53:23,79
0:53:24,24
0:53:25,45.2
0:53:26,32.41
0:53:27,25.3
0:53:28,18.19
0:53:29,11.08
0:53:30,3.97
0:53:31,65
0:53:32,55.5
0:53:33,79
0:53:34,24
0:53:35,45.2
0:53:36,32.41
0:53:37,25.3
0:53:38,18.19
0:53:39,11.08
0:53:40,3.97
0:53:41,65
0:53:42,55.5
0:53:43,79
0:53:44,24
0:53:45,45.2
0:53:46,32.41
0:53:47,25.3
0:53:48,18.19
0:53:49,11.08
0:53:50,3.97
0:53:51,65
0:53:52,55.5
0:53:53,79
0:53:54,24
0:53:55,45.2
0:53:56,32.41
0:53:57,25.3
0:53:58,18.19
0:53:59,11.08
0:54:00,3.97
0:54:01,65
0:54:02,55.5
0:54:03,79
0:54:04,24
0:54:05,45.2
0:54:06,32.41
0:54:07,25.3
0:54:08,18.19
0:54:09,11.08
0:54:10,3.97
0:54:11,65
0:54:12,55.5
0:54:13,79
0:54:14,24
0:54:15,45.2
0:54:16,32.41
0:54:17,25.3
0:54:18,18.19
0:54:19,11.08
0:54:20,3.97
0:54:21,65
0:54:22,55.5
0:54:23,79
0:54:24,24
0:54:25,45.2
0:54:26,32.41
0:54:27,25.3
0:54:28,18.19
0:54:29,11.08
0:54:30,3.97
0:54:31,65
0:54:32,55.5
0:54:33,79
0:54:34,24
0:54:35,45.2
0:54:36,32.41
0:54:37,25.3
0:54:38,18.19
0:54:39,11.08
0:54:40,3.97
0:54:41,65
0:54:42,55.5
0:54:43,79
0:54:44,24
0:54:45,45.2
0:54:46,32.41
0:54:47,25.3
0:54:48,18.19
0:54:49,11.08
0:54:50,3.97
0:54:51,65
0:54:52,55.5
0:54:53,79
0:54:54,24
0:54:55,45.2
0:54:56,32.41
0:54:57,25.3
0:54:58,18.19
0:54:59,11.08
0:55:00,3.97
0:55:01,65
0:55:02,55.5
0:55:03,79
0:55:04,24
0:55:05,45.2
0:55:06,32.41
0:55:07,25.3
0:55:08,18.19
0:55:09,11.08
0:55:10,3.97
0:55:11,65
0:55:12,55.5
0:55:13,79
0:55:14,24
0:55:15,45.2
0:55:16,32.41
0:55:17,25.3
0:55:18,18.19
0:55:19,11.08
0:55:20,3.97
0:55:21,65
0:55:22,55.5
0:55:23,79
0:55:24,24
0:55:25,45.2
0:55:26,32.41
0:55:27,25.3
0:55:28,18.19
0:55:29,11.08
0:55:30,3.97
0:55:31,65
0:55:32,55.5
0:55:33,79
0:55:34,24
0:55:35,45.2
0:55:36,32.41
0:55:37,25.3
0:55:38,18.19
0:55:39,11.08
0:55:40,3.97
0:55:41,65
0:55:42,55.5
0:55:43,79
0:55:44,24
0:55:45,45.2
0:55:46,32.41
0:55:47,25.3
0:55:48,18.19
0:55:49,11.08
0:55:50,3.97
0:55:51,65
0:55:52,55.5
0:55:53,79
0:55:54,24
0:55:55,45.2
0:55:56,32.41
0:55:57,25.3
0:55:58,18.19
0:55:59,11.08
0:56:00,3.97
0:56:01,65
0:56:02,55.5
0:56:03,79
0:56:04,24
0:56:05,45.2
0:56:06,32.41
0:56:07,25.3
0:56:08,18.19
0:56:09,11.08
0:56:10,3.97
0:56:11,65
0:56:12,55.5
0:56:13,79
0:56:14,24
0:56:15,45.2
0:56:16,32.41
0:56:17,25.3
0:56:18,18.19
0:56:19,11.08
0:56:20,3.97
0:56:21,65
0:56:22,55.5
0:56:23,79
0:56:24,24
0:56:25,45.2
0:56:26,32.41
0:56:27,25.3
0:56:28,18.19
0:56:29,11.08
0:56:30,3.97
0:56:31,65
0:56:32,55.5
0:56:33,79
0:56:34,24
0:56:35,45.2
0:56:36,32.41
0:56:37,25.3
0:56:38,18.19
0:56:39,11.08
0:56:40,3.97
0:56:41,65
0:56:42,55.5
0:56:43,79
0:56:44,24
0:56:45,45.2
0:56:46,32.41
0:56:47,25.3
0:56:48,18.19
0:56:49,11.08
0:56:50,3.97
0:56:51,65
0:56:52,55.5
0:56:53,79
0:56:54,24
0:56:55,45.2
0:56:56,32.41
0:56:57,25.3
0:56:58,18.19
0:56:59,11.08
0:57:00,3.97
0:57:01,65
0:57:02,55.5
0:57:03,79
0:57:04,24
0:57:05,45.2
0:57:06,32.41
0:57:07,25.3
0:57:08,18.19
0:57:09,11.08
0:57:10,3.97
0:57:11,65
0:57:12,55.5
0:57:13,79
0:57:14,24
0:57:15,45.2
0:57:16,32.41
0:57:17,25.3
0:57:18,18.19
0:57:19,11.08
0:57:20,3.97
0:57:21,65
0:57:22,55.5
0:57:23,79
0:57:24,24
0:57:25,45.2
0:57:26,32.41
0:57:27,25.3
0:57:28,18.19
0:57:29,11.08
0:57:30,3.97
0:57:31,65
0:57:32,55.5
0:57:33,79
0:57:34,24
0:57:35,45.2
0:57:36,32.41
0:57:37,25.3
0:57:38,18.19
0:57:39,11.08
0:57:40,3.97
0:57:41,65
0:57:42,55.5
0:57:43,79
0:57:44,24
0:57:45,45.2
0:57:46,32.41
0:57:47,25.3
0:57:48,18.19
0:57:49,11.08
0:57:50,3.97
0:57:51,65
0:57:52,55.5
0:57:53,79
0:57:54,24
0:57:55,45.2
0:57:56,32.41
0:57:57,25.3
0:57:58,18.19
0:57:59,11.08
0:58:00,3.97
0:58:01,65
0:58:02,55.5
0:58:03,79
0:58:04,24
0:58:05,45.2
0:58:06,32.41
0:58:07,25.3
0:58:08,18.19
0:58:09,11.08
0:58:10,3.97
0:58:11,65
0:58:12,55.5
0:58:13,79
0:58:14,24
0:58:15,45.2
0:58:16,32.41
0:58:17,25.3
0:58:18,18.19
0:58:19,11.08
0:58:20,3.97
0:58:21,65
0:58:22,55.5
0:58:23,79
0:58:24,24
0:58:25,45.2
0:58:26,32.41
0:58:27,25.3
0:58:28,18.19
0:58:29,11.08
0:58:30,3.97
0:58:31,65
0:58:32,55.5
0:58:33,79
0:58:34,24
0:58:35,45.2
0:58:36,32.41
0:58:37,25.3
0:58:38,18.19
0:58:39,11.08
0:58:40,3.97
0:58:41,65
0:58:42,55.5
0:58:43,79
0:58:44,24
0:58:45,45.2
0:58:46,32.41
0:58:47,25.3
0:58:48,18.19
0:58:49,11.08
0:58:50,3.97
0:58:51,65
0:58:52,55.5
0:58:53,79
0:58:54,24
0:58:55,45.2
0:58:56,32.41
0:58:57,25.3
0:58:58,18.19
0:58:59,11.08
0:59:00,3.97
0:59:01,65
0:59:02,55.5
0:59:03,79
0:59:04,24
0:59:05,45.2
0:59:06,32.41
0:59:07,25.3
0:59:08,18.19
0:59:09,11.08
0:59:10,3.97
0:59:11,65
0:59:12,55.5
0:59:13,79
0:59:14,24
0:59:15,45.2
0:59:16,32.41
0:59:17,25.3
0:59:18,18.19
0:59:19,11.08
0:59:20,3.97
0:59:21,65
0:59:22,55.5
0:59:23,79
0:59:24,24
0:59:25,45.2
0:59:26,32.41
0:59:27,25.3
0:59:28,18.19
0:59:29,11.08
0:59:30,3.97
0:59:31,65
0:59:32,55.5
0:59:33,79
0:59:34,24
0:59:35,45.2
0:59:36,32.41
0:59:37,25.3
0:59:38,18.19
0:59:39,11.08
0:59:40,3.97
0:59:41,65
0:59:42,55.5
0:59:43,79
0:59:44,24
0:59:45,45.2
0:59:46,32.41
0:59:47,25.3
0:59:48,18.19
0:59:49,11.08
0:59:50,3.97
0:59:51,65
0:59:52,55.5
0:59:53,79
0:59:54,24
0:59:55,45.2
0:59:56,32.41
0:59:57,25.3
0:59:58,18.19
0:59:59,11.08
1:00:00,3.97
1:00:01,65
1:00:02,55.5
1:00:03,79
1:00:04,24
1:00:05,45.2
1:00:06,32.41
1:00:07,25.3
1:00:08,18.19
1:00:09,11.08
1:00:10,3.97
1:00:11,65
1:00:12,55.5
1:00:13,79
1:00:14,24
1:00:15,45.2
1:00:16,32.41
1:00:17,25.3
1:00:18,18.19
1:00:19,11.08
1:00:20,3.97
1:00:21,65
1:00:22,55.5
1:00:23,79
1:00:24,24
1:00:25,45.2
1:00:26,32.41
1:00:27,25.3
1:00:28,18.19
1:00:29,11.08
1:00:30,3.97
1:00:31,65
1:00:32,55.5
1:00:33,79
1:00:34,24
1:00:35,45.2
1:00:36,32.41
1:00:37,25.3
1:00:38,18.19
1:00:39,11.08
1:00:40,3.97
1:00:41,65
1:00:42,55.5
1:00:43,79
1:00:44,24
1:00:45,45.2
1:00:46,32.41
1:00:47,25.3
1:00:48,18.19
1:00:49,11.08
1:00:50,3.97
1:00:51,65
1:00:52,55.5
1:00:53,79
1:00:54,24
1:00:55,45.2
1:00:56,32.41
1:00:57,25.3
1:00:58,18.19
1:00:59,11.08
1:01:00,3.97
1:01:01,65
1:01:02,55.5
1:01:03,79
1:01:04,24
1:01:05,45.2
1:01:06,32.41
1:01:07,25.3
1:01:08,18.19
1:01:09,11.08
1:01:10,3.97
1:01:11,65
1:01:12,55.5
1:01:13,79
1:01:14,24
1:01:15,45.2
1:01:16,32.41
1:01:17,25.3
1:01:18,18.19
1:01:19,11.08
1:01:20,3.97
1:01:21,65
1:01:22,55.5
1:01:23,79
1:01:24,24
1:01:25,45.2
1:01:26,32.41
1:01:27,25.3
1:01:28,18.19
1:01:29,11.08
1:01:30,3.97
1:01:31,65
1:01:32,55.5
1:01:33,79
1:01:34,24
1:01:35,45.2
1:01:36,32.41
1:01:37,25.3
1:01:38,18.19
1:01:39,11.08
1:01:40,3.97
1:01:41,65
1:01:42,55.5
1:01:43,79
1:01:44,24
1:01:45,45.2
1:01:46,32.41
1:01:47,25.3
1:01:48,18.19
1:01:49,11.08
1:01:50,3.97
1:01:51,65
1:01:52,55.5
1:01:53,79
1:01:54,24
1:01:55,45.2
1:01:56,32.41
1:01:57,25.3
1:01:58,18.19
1:01:59,11.08
1:02:00,3.97
1:02:01,65
1:02:02,55.5
1:02:03,79
1:02:04,24
1:02:05,45.2
1:02:06,32.41
1:02:07,25.3
1:02:08,18.19
1:02:09,11.08
1:02:10,3.97
1:02:11,65
1:02:12,55.5
1:02:13,79
1:02:14,24
1:02:15,45.2
1:02:16,32.41
1:02:17,25.3
1:02:18,18.19
1:02:19,11.08
1:02:20,3.97
1:02:21,65
1:02:22,55.5
1:02:23,79
1:02:24,24
1:02:25,45.2
1:02:26,32.41
1:02:27,25.3
1:02:28,18.19
1:02:29,11.08
1:02:30,3.97
1:02:31,65
1:02:32,55.5
1:02:33,79
1:02:34,24
1:02:35,45.2
1:02:36,32.41
1:02:37,25.3
1:02:38,18.19
1:02:39,11.08
1:02:40,3.97
1:02:41,65
1:02:42,55.5
1:02:43,79
1:02:44,24
1:02:45,45.2
1:02:46,32.41
1:02:47,25.3
1:02:48,18.19
1:02:49,11.08
1:02:50,3.97
1:02:51,65
1:02:52,55.5
1:02:53,79
1:02:54,24
1:02:55,45.2
1:02:56,32.41
1:02:57,25.3
1:02:58,18.19
1:02:59,11.08
1:03:00,3.97
1:03:01,65
1:03:02,55.5
1:03:03,79
1:03:04,24
1:03:05,45.2
1:03:06,32.41
1:03:07,25.3
1:03:08,18.19
1:03:09,11.08
1:03:10,3.97
1:03:11,65
1:03:12,55.5
1:03:13,79
1:03:14,24
1:03:15,45.2
1:03:16,32.41
1:03:17,25.3
1:03:18,18.19
1:03:19,11.08
1:03:20,3.97
1:03:21,65
1:03:22,55.5
1:03:23,79
1:03:24,24
1:03:25,45.2
1:03:26,32.41
1:03:27,25.3
1:03:28,18.19
1:03:29,11.08
1:03:30,3.97
1:03:31,65
1:03:32,55.5
1:03:33,79
1:03:34,24
1:03:35,45.2
1:03:36,32.41
1:03:37,25.3
1:03:38,18.19
1:03:39,11.08
1:03:40,3.97
1:03:41,65
1:03:42,55.5
1:03:43,79
1:03:44,24
1:03:45,45.2
1:03:46,32.41
1:03:47,25.3
1:03:48,18.19
1:03:49,11.08
1:03:50,3.97
1:03:51,65
1:03:52,55.5
1:03:53,79
1:03:54,24
1:03:55,45.2
1:03:56,32.41
1:03:57,25.3
1:03:58,18.19
1:03:59,11.08
1:04:00,3.97
1:04:01,79
1:04:02,24
1:04:03,45.2
1:04:04,32.41
1:04:05,25.3
1:04:06,18.19
1:04:07,11.08
1:04:08,3.97
1:04:09,65
1:04:10,55.5
1:04:11,79
1:04:12,24
1:04:13,45.2
1:04:14,32.41
1:04:15,25.3
1:04:16,18.19
1:04:17,11.08
1:04:18,3.97
1:04:19,79
1:04:20,24
1:04:21,45.2
1:04:22,32.41
1:04:23,25.3
1:04:24,18.19
1:04:25,11.08
1:04:26,3.97
1:04:27,65
1:04:28,55.5
1:04:29,79
1:04:30,24
1:04:31,45.2
1:04:32,32.41
1:04:33,25.3
1:04:34,18.19
1:04:35,11.08
1:04:36,3.97
1:04:37,79
1:04:38,24
1:04:39,45.2
1:04:40,32.41
1:04:41,25.3
1:04:42,18.19
1:04:43,11.08
1:04:44,3.97
1:04:45,65
1:04:46,55.5
1:04:47,79
1:04:48,24
1:04:49,45.2
1:04:50,32.41
1:04:51,25.3
1:04:52,18.19
1:04:53,11.08
1:04:54,3.97
1:04:55,79
1:04:56,24
1:04:57,45.2
1:04:58,32.41
1:04:59,25.3
1:05:00,18.19
1:05:01,11.08
1:05:02,3.97
1:05:03,65
1:05:04,55.5
1:05:05,79
1:05:06,24
1:05:07,45.2
1:05:08,32.41
1:05:09,25.3
1:05:10,18.19
1:05:11,11.08
1:05:12,3.97
1:05:13,79
1:05:14,24
1:05:15,45.2
1:05:16,32.41
1:05:17,25.3
1:05:18,18.19
1:05:19,11.08
1:05:20,3.97
1:05:21,65
1:05:22,55.5
1:05:23,79
1:05:24,24
1:05:25,45.2
1:05:26,32.41
1:05:27,25.3
1:05:28,18.19
1:05:29,11.08
1:05:30,3.97
1:05:31,79
1:05:32,24
1:05:33,45.2
1:05:34,32.41
1:05:35,25.3
1:05:36,18.19
1:05:37,11.08
1:05:38,3.97
1:05:39,65
1:05:40,55.5
1:05:41,79
1:05:42,24
1:05:43,45.2
1:05:44,32.41
1:05:45,25.3
1:05:46,18.19
1:05:47,11.08
1:05:48,3.97
,
,
,
,
,
,
,
,
,
,
,
,
,
,
,
,
,
,
,
,
,
,
,
,
,
,
,
,
,
,
,
,
,
,
,
,
,
,
,
,
,
,
,
,
,
,
,
,
,
,
,
,
,
,
,
,
,
,
,
,
,
,
,
,
,
,
,
,
,
,
,
,
,
,
,
,
,
,
,
,
,
,
,
,
,
,
,
,
,
,
,
,
,
,
,
,
,
,
,
,
,
,
,
,
,
,
,
,
,
,
,
,
,
,
,
,
,
,
,
,
,
,
,
,
,
,
,
,
,
,
,
,
,
,
,
,
,
,
,
,
,
,
,
,
,
,
,
,
,
,
,
,
,
,
,
,
,
,
,
,
,
,
,
,
,
,
,
,
,
,
,
,
,
,
,
,
,
,
,
,
,
,
,
,
,
,
,
,
,
,
,
,
,
,
,
,
,
,
,
,
,
,
,
,
,
,
,
,
,
,
,
,
,
,
,
,
,
,
,
,
,
,
,
,
,
,
,
,
,
,
,
,
,
,
,
,
,
,
,
,
,
,
,
,
,
,
,
,
,
,
,
,
,
,
,
,
,
,
,
,
,
,
,
,
,
